id,index,language,title,rating
0,0,hindi,-------,5
1,1,english,-------,4
2,2,hindi,-------,4
3,3,english,-------,5
4,4,hindi,-------,5
5,5,hindi,-------,5
6,6,english,-------,5
7,7,english,-------,5
8,8,hindi,-------,5
9,9,hindi,-------,4
10,10,english,-------,4
11,11,english,-------,5
12,12,english,-------,4
13,13,english,-------,5
14,14,english,-------,4
15,15,english,-------,4
16,16,english,-------,4
17,17,english,-------,4
18,18,english,-------,4
19,19,english,-------,5
20,20,english,-------,5
21,21,english,-------,5
22,22,hindi,-------,4
23,23,hindi,-------,5
24,24,hindi,-------,4
25,25,hindi,-------,5
26,26,hindi,-------,4
27,27,hindi,-------,5
28,28,hindi,-------,4
29,29,hindi,-------,5
30,30,hindi,-------,5
31,31,english,-------,5
32,32,english,-------,5
33,33,english,-------,5
34,34,english,-------,4
35,35,english,-------,4
36,36,hindi,-------,3
37,37,hindi,-------,4
38,38,hindi,-------,3
39,39,hindi,-------,3
40,40,hindi,-------,3
41,41,hindi,-------,3
42,42,hindi,-------,4
43,43,hindi,-------,3
44,44,hindi,-------,4
45,45,hindi,-------,3
46,46,english,-------,4
47,47,english,-------,5
48,48,english,-------,5
49,49,english,-------,5
50,50,hindi,-------,5